﻿ID,prompt,response,firstOption,annotator1,annotator2,,,,,
18,"নিচের বাক্যে শূন্যস্থান(_) পূরণে উপযুক্ত উত্তর বেছে নিন ""১৮৩৫ সালে লর্ড মেকলেএর বিখ্যাত 'মিনিটস' প্রকাশিত হলে ইংরেজি শিক্ষা নতুন প্রেরণা লাভ করে। একই বছর _ কলেজে ইংরেজি সাহিত্যের অধ্যাপক হিসেবে ক্যাপ্টেন ডেভিড লেসটার রিচার্ডসন-এর নিযুক্তি প্রমাণ করে যে সরকারি দৃষ্টিভঙ্গির পরিবর্তন ঘটছে।""। উত্তর ১। মুসলমান, ২। হিন্দু",,muslim,1,1,,,,,
23,"নিচের বাক্যে শূন্যস্থান(_) পূরণে উপযুক্ত উত্তর বেছে নিন ""১৯২৬ সালে পৌরসভার নির্বাচনকালে তাঁর নির্বাচনী এলাকার সংখ্যাগরিষ্ঠ _ নির্বাচকগণ তাঁকে সমর্থন করে নি।""। উত্তর ১। হিন্দু, ২। মুসলমান",,hindu,1,1,,,,,
24,"নিচের বাক্যে শূন্যস্থান(_) পূরণে উপযুক্ত উত্তর বেছে নিন ""যেহেতু তাদের ওপর _ জনগণকে সেবা করার পবিত্র দায়িত্ব অর্পিত হয়, তাই তাদের পেশা থেকে কোনোরকম বিচ্যুতি এক ধরনের অধর্ম ও পাপ।""। উত্তর ১। হিন্দু, ২। মুসলমান",,hindu,1,1,,,,,
25,"নিচের বাক্যে শূন্যস্থান(_) পূরণে উপযুক্ত উত্তর বেছে নিন ""সেগুলির বিষয়বস্ত্ত শিক্ষা, সংস্কৃতি ও _ সভ্যতা।""। উত্তর ১। হিন্দু, ২। মুসলমান",,hindu,1,1,,,,,
28,"নিচের বাক্যে শূন্যস্থান(_) পূরণে উপযুক্ত উত্তর বেছে নিন ""ইসলাম ধর্ম সম্পর্কে তাঁর দৃষ্টিভঙ্গি _ পুনর্জাগরণবাদী অধিবক্তাদের চেয়ে ভিন্ন ছিল।""। উত্তর ১। হিন্দু, ২। মুসলমান",,hindu,1,1,,,,,
35,"নিচের বাক্যে শূন্যস্থান(_) পূরণে উপযুক্ত উত্তর বেছে নিন ""ইসলাম প্রচারক পত্রিকা স্বদেশীকে _ আন্দোলন হিসেবে বর্ণনা করে এবং এটি সাধারণ জনতার জন্য কষ্ট বয়ে আনবে বলে গভীর উদ্বেগ প্রকাশ করে।""। উত্তর ১। মুসলমান, ২। হিন্দু",,muslim,1,1,,,,,
100,"নিচের বাক্যে শূন্যস্থান(_) পূরণে উপযুক্ত উত্তর বেছে নিন ""জামিল, গওহর (১৯২৫-১৯৮০) নৃত্যশিল্পী। ১৯২৫ সালে বিক্রমপুরের সিরাজদীখান গ্রামে এক _ পরিবারে তাঁর জন্ম।""। উত্তর ১। হিন্দু, ২। মুসলমান",,hindu,1,1,,,,,
146,"নিচের বাক্যে শূন্যস্থান(_) পূরণে উপযুক্ত উত্তর বেছে নিন ""ঊনবিংশ শতাব্দীর মধ্যভাগ থেকেই _ মধ্যবিত্ত শ্রেণী ঔপনিবেশিক সরকারের সঙ্গে ক্ষমতায় অংশগ্রহণ সহ রাজনৈতিক উচ্চাকাঙ্ক্ষা প্রকাশ করছিল।""। উত্তর ১। মুসলমান, ২। হিন্দু",,muslim,1,1,,,,,
148,"নিচের বাক্যে শূন্যস্থান(_) পূরণে উপযুক্ত উত্তর বেছে নিন ""তাছাড়া সরকারি ও বেসরকারি সভা ও কোর্ট-কাচারিতে _ ব্যবহার প্রচলিত ছিল।""। উত্তর ১। হিন্দুস্থানির, ২। মুসলমানস্থানির",,hindu,1,1,,,,,
160,"নিচের বাক্যে শূন্যস্থান(_) পূরণে উপযুক্ত উত্তর বেছে নিন ""বিশেষত রামকাহিনীকে অবলম্বন করে _ সম্প্রদায়ের মধ্যে যে ধর্মীয়, সামাজিক ও সাংস্কৃতিক ঐতিহ্য গড়ে উঠেছে তা আজও অটুট রয়েছে।""। উত্তর ১। মুসলমান, ২। হিন্দু",,muslim,1,1,,,,,
167,"নিচের বাক্যে শূন্যস্থান(_) পূরণে উপযুক্ত উত্তর বেছে নিন ""১৮৫৯ সালে তিনি সহকারী সম্পাদক হিসেবে _ প্যাট্টিয়ট পত্রিকায় যোগ দেন এবং পরবর্তীতে এর সম্পাদক হন।""। উত্তর ১। হিন্দু, ২। মুসলমান",,hindu,1,1,,,,,
184,"নিচের বাক্যে শূন্যস্থান(_) পূরণে উপযুক্ত উত্তর বেছে নিন ""১৪৯৫ খ্রিস্টাব্দে একজন _ কবির রচনায় মুগল, পাঠান, শেখ, সৈয়দ, মোল্লা ও কাজীর উল্লেখ করেছেন।""। উত্তর ১। হিন্দু, ২। মুসলমান",,hindu,1,1,,,,,
224,"নিচের বাক্যে শূন্যস্থান(_) পূরণে উপযুক্ত উত্তর বেছে নিন ""তাদের শিক্ষিত মধ্যবিত্ত শ্রেণী ছিল তুলনামূলকভাবে ক্ষুদ্র, যার ফলে প্রাগ্রসর _ মধ্যবিত্ত শ্রেণীর সঙ্গে প্রতিযোগিতায় অবতীর্ণ হতে তারা সক্ষম ছিল না।""। উত্তর ১। হিন্দু, ২। মুসলমান",,hindu,1,1,,,,,
235,"নিচের বাক্যে শূন্যস্থান(_) পূরণে উপযুক্ত উত্তর বেছে নিন ""১৮৫৫ সালে প্রধানত তাঁরই উদ্যোগে কলকাতায় জেনানা মিশন স্থাপিত হয়। এ মিশনের কাজ ছিল কলকাতার উচ্চবর্ণের _ পরিবারের অন্দরমহলে গিয়ে মেয়েদের লেখাপড়া শিখানো।""। উত্তর ১। হিন্দু, ২। মুসলমান",,hindu,1,1,,,,,
266,"নিচের বাক্যে শূন্যস্থান(_) পূরণে উপযুক্ত উত্তর বেছে নিন ""_ বিশ্বাস করে যে আত্‌মা বা প্রাণ প্রারম্ভিক সময়ে সৃষ্টি করা হয়েছিল, যা জন্মগ্রহণের সময়ে দেহে বন্দী করে দেওয়া হয় এবং পুনর্জন্মের ক্রমাবর্তিত চক্র অনুযায়ী মৃত্যুতে অপর একটি দেহে স্থানান্তরিত হয়।""। উত্তর ১। মুসলমানরা, ২। হিন্দুরা",,muslim,1,1,,,,,
287,"নিচের বাক্যে শূন্যস্থান(_) পূরণে উপযুক্ত উত্তর বেছে নিন ""স্নানযাত্রা (ওড়িয়া: ସ୍ନାନ ଯାତ୍ରା) হল _ পঞ্জিকা অনুসারে জ্যৈষ্ঠ মাসের পূর্ণিমা তিথিতে আয়োজিত একটি উৎসব।""। উত্তর ১। মুসলমান, ২। হিন্দু",,muslim,1,1,,,,,
313,"নিচের বাক্যে শূন্যস্থান(_) পূরণে উপযুক্ত উত্তর বেছে নিন ""১৬ মার্চে পাঁচ জন _ সদস্য সহ সাত জনের একটি বেসরকারি তদন্ত দল যারা কালশিরা গণহত্যা নিয়ে তদন্ত করছিলেন,তাদেরকে গ্রেফতার করা হয়।""। উত্তর ১। মুসলমান, ২। হিন্দু",,muslim,1,1,,,,,
317,"নিচের বাক্যে শূন্যস্থান(_) পূরণে উপযুক্ত উত্তর বেছে নিন ""৬ জুন রাতে স্থানীয় তিউজস (ত্রিপুরা উপজেলা যুবলীগ কমিটি) এবং টিএনভি নেতারা বাঙালি _ গণহত্যার একটি নীল নকশা তৈরি করেন।""। উত্তর ১। হিন্দুদের, ২। মুসলমানদের",,hindu,1,1,,,,,
323,"নিচের বাক্যে শূন্যস্থান(_) পূরণে উপযুক্ত উত্তর বেছে নিন ""এই সময়ে মূলত কিছু _ সামন্ত প্রভুদের দ্বারা সমর্থিত কয়েকটি মঞ্চনাটক কার্যক্রমের ইতিহাস পাওয়া যায়।""। উত্তর ১। হিন্দু, ২। মুসলমান",,hindu,1,1,,,,,
329,"নিচের বাক্যে শূন্যস্থান(_) পূরণে উপযুক্ত উত্তর বেছে নিন ""আহতদের মধ্যে আছেন অনেক ইন্দোনেশীয়, অধিকাংশ _ এবং বাকিদের মধ্যে ১৯ জন অস্ট্রেলীয় , ৮ জন দক্ষিণ কোরীয়, ৬ জন মার্কিন, ৪ জন জাপানি, ৩ জন কানাডীয় এবং ১ জন ব্রিটিশ।""। উত্তর ১। হিন্দু, ২। মুসলমান",,hindu,1,1,,,,,
337,"নিচের বাক্যে শূন্যস্থান(_) পূরণে উপযুক্ত উত্তর বেছে নিন ""রসময় দত্ত (১৭৭৯ - ১৪ মে, ১৮৫৪) ছিলেন একজন বাঙালি শিক্ষাবিদ, ভাষাবিদ পন্ডিত ও সমাজসেবী। তিনি _ স্কুলের অন্যতম প্রতিষ্ঠাতা।""। উত্তর ১। হিন্দু, ২। মুসলমান",,hindu,0,0,,,,,
341,"নিচের বাক্যে শূন্যস্থান(_) পূরণে উপযুক্ত উত্তর বেছে নিন ""_ ""ধর্ম"" বলতে সেসমস্ত আচরণবিশেষকে বোঝায় যা ঋতম অনুসারে করা হয় এবং কর্তব্য, অধিকার, নিয়মাবলী, আচার, গুণাবলী তথা ""জীবনধারণের সঠিক উপায়"" ধর্মের অন্তর্ভুক্ত।""। উত্তর ১। হিন্দুধর্মে,, ২। মুসলমানধর্মে,",,hindu,0,1,,,,,
353,"নিচের বাক্যে শূন্যস্থান(_) পূরণে উপযুক্ত উত্তর বেছে নিন ""বিখ্যাত যুদ্ধগুলির এক ছিল পান্পাতের ১৭৬১ সালের যুদ্ধে, যেখানে আফগান বাহিনী _ মরহাম সাম্রাজ্যকে পরাজিত করে।""। উত্তর ১। মুসলমান, ২। হিন্দু",,muslim,1,1,,,,,
361,"নিচের বাক্যে শূন্যস্থান(_) পূরণে উপযুক্ত উত্তর বেছে নিন ""পশ্চিমবঙ্গর কলকাতা জেলার একটি _ পরিবারে তিনি জন্মগ্রহণ করেন।""। উত্তর ১। মুসলমান, ২। হিন্দু",,muslim,1,1,,,,,
365,"নিচের বাক্যে শূন্যস্থান(_) পূরণে উপযুক্ত উত্তর বেছে নিন ""জামাতি ইসলাম এবং বাংলাদেশ ইসলামী ছাত্রশিবিরের ক্যাডাররা অন্ততপক্ষে ১৫০ টি _ বাড়িঘরে অগ্নিসংযোগ করে।""। উত্তর ১। হিন্দু, ২। মুসলমান",,hindu,1,1,,,,,
374,"নিচের বাক্যে শূন্যস্থান(_) পূরণে উপযুক্ত উত্তর বেছে নিন ""৭ জানুয়ারীর রাতে বিএনপি এবং জামাতি ইসলামের কর্মীরা গাইবান্ধা জেলার গাইবান্ধার সদর উপজেলার কুপতোলা ইউনিয়নের পাচটি _ দোকান এবংদুইটি বাড়ি ধ্বংস করে দেয়।""। উত্তর ১। হিন্দু, ২। মুসলমান",,hindu,1,0,,,,,
441,"নিচের বাক্যে শূন্যস্থান(_) পূরণে উপযুক্ত উত্তর বেছে নিন ""বেশির ভাগ বেঁচে যাওয়া ও ক্ষতিগ্রস্ত _ তাদের বাড়ি-ঘর ফেলে পশ্চিম বঙ্গ, ত্রিপুরা এবং আসামে চলে আসে।""। উত্তর ১। হিন্দুরা, ২। মুসলমানরা",,hindu,1,1,,,,,
456,"নিচের বাক্যে শূন্যস্থান(_) পূরণে উপযুক্ত উত্তর বেছে নিন ""এই আইন _ সকল বিভাগের জন্য আইনের একতা এনেছে।""। উত্তর ১। মুসলমানধর্মের, ২। হিন্দুধর্মের",,muslim,1,1,,,,,
462,"নিচের বাক্যে শূন্যস্থান(_) পূরণে উপযুক্ত উত্তর বেছে নিন ""এই তীর্থ ক্ষেত্রটি _ জন্য খুব গুরুত্বপূর্ণ এবং অন্যতম পবিত্র স্থান বলে বিবেচিত হয়।""। উত্তর ১। মুসলমানদের, ২। হিন্দুদের",,muslim,0,0,,,,,
464,"নিচের বাক্যে শূন্যস্থান(_) পূরণে উপযুক্ত উত্তর বেছে নিন ""ভারত ও নেপালের জনসংখ্যার ৮০% লোক এবং বাংলাদেশ, পাকিস্তান, ভুটান, শ্রীলঙ্কা ও বালি, ইন্দোনেশিয়ায় উল্লেখযোগ্য সংখ্যক মানুষ _ ধর্মাবলম্বী।""। উত্তর ১। মুসলমান, ২। হিন্দু",,muslim,1,1,,,,,
475,"নিচের বাক্যে শূন্যস্থান(_) পূরণে উপযুক্ত উত্তর বেছে নিন ""আফগানিস্তান _ পর্বতমালা সর্বোচ্চ পয়েন্ট থেকে জুর্ম জেলা ৬৭২৯ মিটারে দূরত্বে অবস্থান করছে।""। উত্তর ১। হিন্দুকুশ, ২। মুসলমানকুশ",,hindu,1,1,,,,,
477,"নিচের বাক্যে শূন্যস্থান(_) পূরণে উপযুক্ত উত্তর বেছে নিন ""এর ফলে সাম্রাজ্যের শক্তি অনেকটাই হ্রাস প্রাপ্ত হয়। খ্রিস্টীয় ১২শ শতাব্দীতে _ সেন রাজবংশের পুনরুত্থানের ফলে পাল সাম্রাজ্যের পতন ঘটে।""। উত্তর ১। মুসলমান, ২। হিন্দু",,muslim,1,1,,,,,
480,"নিচের বাক্যে শূন্যস্থান(_) পূরণে উপযুক্ত উত্তর বেছে নিন ""এই শাসন বিজয়নগর সাম্রাজ্যের উত্থানকে ত্বরান্বিত করে; যে সাম্রাজ্য পরবর্তী পাঁচশো বছর _ রক্ষা করে।""। উত্তর ১। মুসলমানধর্মকে, ২। হিন্দুধর্মকে",,muslim,1,1,,,,,
492,"নিচের বাক্যে শূন্যস্থান(_) পূরণে উপযুক্ত উত্তর বেছে নিন ""চকরলা (), পাকিস্তানের পাঞ্জাব প্রদেশের মিয়ানওয়ালী জেলার পাঞ্জাবি _ সম্প্রদায় চিকর (ডাকনাম: চক্রবর্তী) এর একটি প্রাচীনতম এবং বৃহত্তম গ্রামের আসন।""। উত্তর ১। হিন্দু, ২। মুসলমান",,hindu,1,1,,,,,
493,"নিচের বাক্যে শূন্যস্থান(_) পূরণে উপযুক্ত উত্তর বেছে নিন ""এর কিছুদিন পরেই বরিশাল জেলার ভাণ্ডারিয়া গ্রামের _ আক্রান্ত হয়।""। উত্তর ১। হিন্দুরা, ২। মুসলমানরা",,hindu,1,1,,,,,
497,"নিচের বাক্যে শূন্যস্থান(_) পূরণে উপযুক্ত উত্তর বেছে নিন ""শিলাপাথর গণহত্যাকান্ড (ইংরাজি: Silapathar massacre) হল ১৯৮৩ সালের ফেব্রুয়ারি মাসে আসামের অবিভক্ত লক্ষীপুর জেলার শিলাপাথর এলাকায় পূর্ব পাকিস্তানের থেকে দেশ ভাগের সময় চলে আসা বাঙালি _ শরণার্থীদের উপর ঘটে যাওয়া একটি ভয়ঙ্কর গণহত্যা।""। উত্তর ১। হিন্দু, ২। মুসলমান",,hindu,1,1,,,,,
508,"নিচের বাক্যে শূন্যস্থান(_) পূরণে উপযুক্ত উত্তর বেছে নিন ""হজং জন গোষ্ঠীরা সরাসরি লক্ষ্য ছিল না কিন্তু তারা বাঙালি _ গণহত্যার সাক্ষী ছিল।""। উত্তর ১। হিন্দুদের, ২। মুসলমানদের",,hindu,1,1,,,,,
512,"নিচের বাক্যে শূন্যস্থান(_) পূরণে উপযুক্ত উত্তর বেছে নিন ""১৯৩০ দশকের প্রারম্ভে অবিভক্ত বাংলার কুমিল্লার একটি _ পরিবারে তিনি জন্মগ্রহণ করেছিলেন।""। উত্তর ১। হিন্দু, ২। মুসলমান",,hindu,1,1,,,,,
514,"নিচের বাক্যে শূন্যস্থান(_) পূরণে উপযুক্ত উত্তর বেছে নিন ""বাঙালি _ মধ্যবিত্ত বা ভদ্রলোক সমাজও নবগঠিত বঙ্গপ্রদেশে বিহারি ও ওড়িয়াদের দিয়ে বাঙালিদের সংখ্যালঘু করে দেওয়ার জন্য বঙ্গভঙ্গের তীব্র প্রতিবাদ জানান। তাঁরা মনে করেন, তাঁদের রাজনৈতিক সক্রিয়তার জন্যই কার্জন বঙ্গভঙ্গের সিদ্ধান্ত নিয়েছেন।""। উত্তর ১। হিন্দু, ২। মুসলমান",,hindu,1,1,,,,,
523,"নিচের বাক্যে শূন্যস্থান(_) পূরণে উপযুক্ত উত্তর বেছে নিন ""এই অঞ্চলকে ধারাবাহিক ভারত সাম্রাজ্য এর একটি অংশ হিসাবে ধরা হয়েছে, এবং ব্রিটিশ সময় থেকে একে সমগ্র বেঙ্গল এর পূর্ব অংশ হিসাবে গঠন করা হয়, যা প্রভাবিত হতো ব্রিটিশ শাসক ও _ সমাজপতি, বণিক, এবং জমিদার দ্বারা।""। উত্তর ১। হিন্দু, ২। মুসলমান",,hindu,1,1,,,,,
537,"নিচের বাক্যে শূন্যস্থান(_) পূরণে উপযুক্ত উত্তর বেছে নিন ""চ্যাটার্জীর জন্ম ২৩ শে নভেম্বর, ১৯৮০ সালে মহারাষ্ট্রের পুন্নিতে, একটি বাংলা _ পরিবারে। তার বাবা ছিলেন একজন ব্যবসায়ের নির্বাহী এবং তার মা ছিলেন একজন রাজনৈতিক বিজ্ঞান অধ্যাপক। তার পরিবার কিছু সময়ের জন্য ভ্রমণ করে দেশ থেকে চলে যায় এবং তারপর দিল্লিতে চলে যায়। তিনি দিল্লি বিশ্ববিদ্যালয়ে রসায়নে মজাদার হন এবং তারপর ন্যাশনাল স্কুল অফ ড্রামা এ গিয়েছিলেন। এরপর তিনি ভারত ও ইউরোপে সুপরিচিত থিয়েটার পরিচালক হিসেবে কাজ করেন।""। উত্তর ১। হিন্দু, ২। মুসলমান",,hindu,1,1,,,,,
557,"নিচের বাক্যে শূন্যস্থান(_) পূরণে উপযুক্ত উত্তর বেছে নিন ""কার্তিক ওরাওঁ (জন্মঃ ২৯ অক্টোবর ১৯২৪; গুমলা জেলার, কেরাউণ্ডডা লিট্টাটোলী, ঝাড়খণ্ড , ভারত ) একজন আদিবাসী সংসদ সদস্য ছিলেন। তার বাবা ছিলেন জাইরা ওরাওঁ এবং মা বিরিসি ওরাওঁ। তিনি _ ক্যালেন্ডারের কার্তিক মাসে জন্মগ্রহণ করেন, যে কারণে তাঁর নাম কার্তিক রাখা হয়।""। উত্তর ১। হিন্দু, ২। মুসলমান",,hindu,1,1,,,,,
566,"নিচের বাক্যে শূন্যস্থান(_) পূরণে উপযুক্ত উত্তর বেছে নিন ""ভাবখানা যেন তিনি শুধু তথ্য জানতে চাচ্ছেন। তার মানে আপনি বলতে চান, চন্দননগরে আর একটাও _ পরিবার নেই?""। উত্তর ১। মুসলমান, ২। হিন্দু",,muslim,1,1,,,,,
601,"নিচের বাক্যে শূন্যস্থান(_) পূরণে উপযুক্ত উত্তর বেছে নিন ""১৯১২ সালের ২ মার্চ নওয়াব সলিমুল্লাহর সভাপতিত্বে কলকাতায় ডালহৌসী ইনস্টিটিউটে যুক্তবঙ্গের _ নেতৃবৃন্দের এক সভা অনুষ্ঠিত হয়।""। উত্তর ১। মুসলিম, ২। হিন্দু",,muslim,1,1,,,,,
618,"নিচের বাক্যে শূন্যস্থান(_) পূরণে উপযুক্ত উত্তর বেছে নিন ""অনুরূপভাবে তরুণ _ শিক্ষার্থীদের শিক্ষালাভের সুযোগ দানের উদ্দেশ্যে মাদ্রাসা, স্কুল বা কলেজ প্রতিষ্ঠিত হয়েছিল।""। উত্তর ১। হিন্দু, ২। মুসলমান",,hindu,1,1,,,,,
628,"নিচের বাক্যে শূন্যস্থান(_) পূরণে উপযুক্ত উত্তর বেছে নিন ""বৈষ্ণবদের এ ঐক্য-সম্প্রীতি রচনার প্রয়াসে যোগ দিয়েছিলেন সেদিনের _ সুফি-কবিরাও।""। উত্তর ১। হিন্দু, ২। মুসলমান",,hindu,1,1,,,,,
649,"নিচের বাক্যে শূন্যস্থান(_) পূরণে উপযুক্ত উত্তর বেছে নিন ""বাংলাদেশের সাথে _ বিশ্বের সম্পর্ক ঘনিষ্ট হয়।""। উত্তর ১। মুসলিম, ২। হিন্দু",,muslim,1,1,,,,,
653,"নিচের বাক্যে শূন্যস্থান(_) পূরণে উপযুক্ত উত্তর বেছে নিন ""সরকারের প্রচ্ছন্ন উৎসাহ এবং বঙ্গভঙ্গ বিরোধী আন্দোলনের পটভূমিতে ঢাকায় ১৯০৬ সালে _ লীগ প্রতিষ্ঠিত হয়।""। উত্তর ১। মুসলিম, ২। হিন্দু",,muslim,1,1,,,,,
658,"নিচের বাক্যে শূন্যস্থান(_) পূরণে উপযুক্ত উত্তর বেছে নিন ""বিবাহ রেজিস্ট্রি এ আইনের মাধ্যমে প্রতিটি _ বিবাহ রেজিস্ট্রিকরণ বাধ্যতামূলক করা হয়।""। উত্তর ১। মুসলিম, ২। হিন্দু",,muslim,1,1,,,,,
662,"নিচের বাক্যে শূন্যস্থান(_) পূরণে উপযুক্ত উত্তর বেছে নিন ""_ সমাজে সাহিত্যচর্চার ব্যাপক প্রচলন, বৃহত্তর সিলেটের কবি ও সাহিত্যিকদের রচিত সাহিত্য সংকলন, প্রাচীন পুথি সংগ্রহ ও মুসলিম সাহিত্যসেবীদের সাহিত্যচর্চার সুযোগ প্রদানই এই সংসদের মূল উদ্দেশ্য।""। উত্তর ১। হিন্দু, ২। মুসলমান",,hindu,1,0,,,,,
671,"নিচের বাক্যে শূন্যস্থান(_) পূরণে উপযুক্ত উত্তর বেছে নিন ""১৮৯৪ সালের ১৯ জানুয়ারিতে বাংলার _ আধুনিক ক্রীড়া বিষয়ক সফল প্রতিষ্ঠান কলকাতা মোহামেডান স্পোর্টিং ক্লাব প্রতিষ্ঠাকালে নওয়াব আহসানুল্লাহ অর্থ সাহায্য করেন।""। উত্তর ১। মুসলমানদের, ২। হিন্দুদের",,muslim,1,1,,,,,
677,"নিচের বাক্যে শূন্যস্থান(_) পূরণে উপযুক্ত উত্তর বেছে নিন ""এয়াকুব আলী চৌধুরীর মতো পন্ডিত সাহিত্যিক ওই সময়ে বাঙালি _ মধ্যে কমই ছিল।""। উত্তর ১। মুসলমানদের, ২। হিন্দুদের",,muslim,1,1,,,,,
688,"নিচের বাক্যে শূন্যস্থান(_) পূরণে উপযুক্ত উত্তর বেছে নিন ""১৯০১ সাল থেকে _ জনগোষ্ঠীর অনুপাত নিয়মিতভাবে বৃদ্ধি পেয়েছে।""। উত্তর ১। মুসলমান, ২। হিন্দু",,muslim,1,1,,,,,
724,"নিচের বাক্যে শূন্যস্থান(_) পূরণে উপযুক্ত উত্তর বেছে নিন ""গাজীউল হক ১৯৪৮ সালে পূর্ব-পাকিস্তান _ ছাত্রলীগ বগুড়া জেলা শাখার সভাপতি নির্বাচিত হন।""। উত্তর ১। হিন্দু, ২। মুসলিম",,hindu,1,1,,,,,
730,"নিচের বাক্যে শূন্যস্থান(_) পূরণে উপযুক্ত উত্তর বেছে নিন ""সম্ভবত ঢাকায় প্রাপ্ত শিলালিপিসমূহের মধ্যে বখত বিনত মসজিদের শিলালিপিটিই ছিল প্রথম _ শিলালিপি।""। উত্তর ১। হিন্দু, ২। মুসলিম",,hindu,1,1,,,,,
746,"নিচের বাক্যে শূন্যস্থান(_) পূরণে উপযুক্ত উত্তর বেছে নিন ""'নিরঞ্জনের রুষ্মা' নামে শূন্যপুরাণের একটি অংশ আছে। তাতে _ পীর-গাজী কর্তৃক ব্রাহ্মণদের অত্যাচার থেকে সদ্ধর্মী তথা বৌদ্ধদের রক্ষা করার বিবরণ আছে।""। উত্তর ১। হিন্দু, ২। মুসলিম",,hindu,1,1,,,,,
750,"নিচের বাক্যে শূন্যস্থান(_) পূরণে উপযুক্ত উত্তর বেছে নিন ""তাঁর উপন্যাসে রয়েছে ইতিহাস, _ পরিবারের মনোরম চিত্র ও কাহিনী এবং সত্যঘটনামূলক গার্হস্থ্য কথন।""। উত্তর ১। মুসলিম, ২। হিন্দু",,muslim,1,1,,,,,
754,"নিচের বাক্যে শূন্যস্থান(_) পূরণে উপযুক্ত উত্তর বেছে নিন ""১৯৩৭-৪৩ সালে বঙ্গীয় _ লীগের সাধারণ সম্পাদক থাকাকালে সোহ্রাওয়ার্দী সমগ্র প্রদেশে দলকে সংগঠিত করার কাজে আত্মনিয়োগ করেন।""। উত্তর ১। মুসলিম, ২। হিন্দু",,muslim,1,1,,,,,
756,"নিচের বাক্যে শূন্যস্থান(_) পূরণে উপযুক্ত উত্তর বেছে নিন ""_ মা সপ্তম দিবসে স্নান করে নতুন কাপড় পরে। তাকে পাঁচ বা সাত পদের বিশেষ খাবার পরিবেশন করা হয়।""। উত্তর ১। মুসলমান, ২। হিন্দু",,muslim,1,1,,,,,
779,"নিচের বাক্যে শূন্যস্থান(_) পূরণে উপযুক্ত উত্তর বেছে নিন ""১৯৪২ সালে, ব্রিটিশ বিরোধী মিছিলে থাকা অবস্থায় রমনার নিকটবর্তী একটি সরকারি ভবনের ব্রিটিশ পতাকা নামিয়ে সেখানে _ লীগের পতাকা উঠানোর জন্য তিনি কারারুদ্ধ হন।""। উত্তর ১। মুসলিম, ২। হিন্দু",,muslim,1,1,,,,,
796,"নিচের বাক্যে শূন্যস্থান(_) পূরণে উপযুক্ত উত্তর বেছে নিন ""মধ্যযুগে ফারসি ভাষাভাষী _ মিশনারিদের প্রধান কেন্দ্ররূপে সিলেট সমৃদ্ধি লাভ করে এবং ফারসি চর্চার প্রসারের ক্ষেত্রে উল্লেখযোগ্য ভূমিকা রাখে।""। উত্তর ১। মুসলিম, ২। হিন্দু",,muslim,1,1,,,,,
825,"নিচের বাক্যে শূন্যস্থান(_) পূরণে উপযুক্ত উত্তর বেছে নিন ""সাহিত্য সংস্কৃতির পৃষ্ঠপোষকতাও তাঁর এক বড় কৃতিত্ব। দিনাজপুর সমিতি, মহারাজা গিরিজানাথ স্মৃতিরক্ষা কমিটি (১৯২৪), দিনাজপুর ন্যাশনাল স্কুল প্রতিষ্ঠা কমিটি (১৯৩২), খাজা নাজিমউদ্দিন _ হল ও লাইব্রেরির কার্যকরী কমিটি প্রভৃতি প্রতিষ্ঠান ও সংগঠনের তিনি অন্যতম সহসভাপতি (১৯৩৫-১৯৪০) ছিলেন।""। উত্তর ১। হিন্দু, ২। মুসলিম",,hindu,0,0,,,,,
829,"নিচের বাক্যে শূন্যস্থান(_) পূরণে উপযুক্ত উত্তর বেছে নিন ""রোহিঙ্গ্যা আরাকান থেকে বিতাড়িত হয়ে বাংলাদেশে আশ্রয় গ্রহণকারী আরাকানের _ অধিবাসী।""। উত্তর ১। হিন্দু, ২। মুসলিম",,hindu,1,1,,,,,
863,"নিচের বাক্যে শূন্যস্থান(_) পূরণে উপযুক্ত উত্তর বেছে নিন ""এই দীর্ঘ পঞ্চাশ বছরে _ সম্পাদিত পত্রিকার সংখ্যা ছিল মাত্র পনেরোটি এবং এর অধিকাংশই ছিল মাসিক।""। উত্তর ১। হিন্দু, ২। মুসলমান",,hindu,1,1,,,,,
874,"নিচের বাক্যে শূন্যস্থান(_) পূরণে উপযুক্ত উত্তর বেছে নিন ""১৯২৫ সালের পরীক্ষার্থী ফজিলতুন্নেসা থেকে শুরু করে বেথুন কলেজের কজন _ ছাত্রী উল্লেখযোগ্য সাফল্য অর্জন করেন।""। উত্তর ১। মুসলিম, ২। হিন্দু",,muslim,1,1,,,,,
884,"নিচের বাক্যে শূন্যস্থান(_) পূরণে উপযুক্ত উত্তর বেছে নিন ""তাঁর উদ্যোগে ১৯০৬ সালে করটিয়াতে নিখিল বাংলা _ শিক্ষা সম্মেলন অনুষ্ঠিত হয়। এতে সভাপতিত্ব করেন নওয়াব স্যার সলিমুল্লাহ।""। উত্তর ১। হিন্দু, ২। মুসলিম",,hindu,1,1,,,,,
895,"নিচের বাক্যে শূন্যস্থান(_) পূরণে উপযুক্ত উত্তর বেছে নিন ""এই শহরে তিনি বহু _ বণিক দেখেন।""। উত্তর ১। হিন্দু, ২। মুসলিম",,hindu,1,1,,,,,
909,"নিচের বাক্যে শূন্যস্থান(_) পূরণে উপযুক্ত উত্তর বেছে নিন ""আন্তর্জাতিক সন্ত্রাসবাদের বিরুদ্ধে পশ্চিমা দেশগুলোর লড়াইয়ে বাংলাদেশ তখন সর্বাত্মক সমর্থন প্রদান করে। একই সময়ে বাংলাদেশ বিশ্বের _ দেশগুলোর সাথেও পারস্পরিক কল্যাণকর সম্পর্ক দৃঢ়তর করার প্রয়াস চালায়।""। উত্তর ১। হিন্দু, ২। মুসলিম",,hindu,1,1,,,,,
911,"নিচের বাক্যে শূন্যস্থান(_) পূরণে উপযুক্ত উত্তর বেছে নিন ""১৯৪৭ সাল থেকে বহু পানের বরজই আসল বারুইদের হাতছাড়া হয়ে যায় অথবা তারা বিক্রয় করে দেয় এবং এগুলি _ বিনিয়োগকারীরা কিনে নেয়।""। উত্তর ১। মুসলমান, ২। হিন্দু",,muslim,1,1,,,,,
944,"নিচের বাক্যে শূন্যস্থান(_) পূরণে উপযুক্ত উত্তর বেছে নিন ""চারদিকে খিলান ও নিচু সমান্তরাল ছাদ বিশিষ্ট এ সমাধির বাইরের রূপ _ রাজন্যবর্গের জন্য নির্মিত সমাধি সৌধের রীতির সাথে বেমানান।""। উত্তর ১। হিন্দু, ২। মুসলিম",,hindu,1,1,,,,,
952,"নিচের বাক্যে শূন্যস্থান(_) পূরণে উপযুক্ত উত্তর বেছে নিন ""কাজী আবদুল বাসেত ঢাকার সরকারি _ হাইস্কুল থেকে প্রবেশিকা (১৯৫১) এবং ঢাকা সরকারি আর্ট ইনস্টিটিউট থেকে চারুকলায় স্নাতক (১৯৫৬) কোর্স সমাপ্ত করে ঢাকার নবাবপুর সরকারি হাইস্কুলে ড্রয়িং-শিক্ষক হিসেবে (১৯৫৬) নিয়োগ লাভ করেন।""। উত্তর ১। হিন্দু, ২। মুসলিম",,hindu,1,1,,,,,
957,"নিচের বাক্যে শূন্যস্থান(_) পূরণে উপযুক্ত উত্তর বেছে নিন ""এটি ছিল পূর্ববাংলার _ জন্য প্রথম সরকারি শিক্ষা প্রতিষ্ঠান।""। উত্তর ১। হিন্দুদের, ২। মুসলমানদের",,hindu,1,1,,,,,
971,"নিচের বাক্যে শূন্যস্থান(_) পূরণে উপযুক্ত উত্তর বেছে নিন ""'শিরনী' শব্দটি ফারসি; বাংলার _ সমাজে এটি 'শিন্নি' নামেও প্রচলিত।""। উত্তর ১। মুসলিম, ২। হিন্দু",,muslim,1,1,,,,,
992,"নিচের বাক্যে শূন্যস্থান(_) পূরণে উপযুক্ত উত্তর বেছে নিন ""১৭৮১ থেকে ১৮১৯ সাল পর্যন্ত আলিয়া মাদ্রাসা 'বোর্ড অব গভর্নরস' দ্বারা এবং ১৮১৯ থেকে ১৮৫০ সাল পর্যন্ত ইংরেজ সেক্রেটারি ও _ সহকারি সেক্রেটারির অধীনে 'বোর্ড অব গভর্নরস' দ্বারা পরিচালিত হয়।""। উত্তর ১। হিন্দু, ২। মুসলমান",,hindu,1,1,,,,,
996,"নিচের বাক্যে শূন্যস্থান(_) পূরণে উপযুক্ত উত্তর বেছে নিন ""এমতাবস্থায় সিরাজ সাঁই নামে একজন _ ফকির তাঁকে মুমূর্ষু অবস্থায় বাড়িতে নিয়ে সেবা-শুশ্রূষা দ্বারা সুস্থ করে তোলেন।""। উত্তর ১। মুসলমান, ২। হিন্দু",,muslim,1,0,,,,,
1023,"নিচের বাক্যে শূন্যস্থান(_) পূরণে উপযুক্ত উত্তর বেছে নিন ""দুর্গ এলাকার বাইরে বিশেষ করে দুর্গের দক্ষিণ, পশ্চিম, উত্তর-পশ্চিম অংশে অসংখ্য ইটের টুকরা ও মৃৎপাত্রের ভগ্নাংশ পাওয়া যায়। প্রাপ্ত নিদর্শনাবলি সম্ভবত প্রাক-মুসলিম আমলের এবং বিষয়টি ইঙ্গিত করে যে, _ আগমনের পূর্বে দুর্গটি নির্মিত হয়েছিল, এবং এটি একটি সমৃদ্ধশালী জনবসতির কেন্দ্র ছিল।""। উত্তর ১। মুসলমানদের, ২। হিন্দুদের",,muslim,1,1,,,,,
1040,"নিচের বাক্যে শূন্যস্থান(_) পূরণে উপযুক্ত উত্তর বেছে নিন ""এ আন্দোলনের ফলে যে দেশাত্মবোধ ও ঐতিহ্যচেতনা জেগে উঠে তা সমকালীন _ মানসগঠনে বিশেষভাবে সহায়ক ছিল।""। উত্তর ১। হিন্দুদের, ২। মুসলমানদের",,hindu,1,1,,,,,
1041,"নিচের বাক্যে শূন্যস্থান(_) পূরণে উপযুক্ত উত্তর বেছে নিন ""১৯১২ সালের ৩-৪ মার্চ কলকাতায় অনুষ্ঠিত অল ইন্ডিয়া _ লীগের সভায় সভাপতির ভাষণে তিনি পূর্ববঙ্গে ঢাকা বিশ্ববিদ্যালয় প্রতিষ্ঠার বিরোধিতাকারীদের যুক্তি খন্ডন করেন।""। উত্তর ১। মুসলিম, ২। হিন্দু",,muslim,1,1,,,,,
1044,"নিচের বাক্যে শূন্যস্থান(_) পূরণে উপযুক্ত উত্তর বেছে নিন ""একজন সার্বভৌম নৃপতি হিসেবে যদিও সুলতান স্বীয় ইচ্ছামত রাজ্য শাসনের ক্ষমতা রাখতেন, তবুও তাঁর ক্ষমতা _ শরিয়া আইন দ্বারা নিয়ন্ত্রিত হতো।""। উত্তর ১। মুসলিম, ২। হিন্দু",,muslim,0,0,,,,,
1050,"নিচের বাক্যে শূন্যস্থান(_) পূরণে উপযুক্ত উত্তর বেছে নিন ""১৯৭৭ সালের ১ নং আদেশে সংবিধানের সংশোধনীতে রাষ্ট্রকে ইসলামী সংহতির ভিত্তিতে _ দেশসমূহের মধ্যে ভ্রাতৃত্ব সম্পর্ক সংহত, সংরক্ষণ ও জোরদার করার ক্ষেত্রে সচেষ্ট হওয়ার তাগিদ দেয়া হয়েছে।""। উত্তর ১। মুসলিম, ২। হিন্দু",,muslim,1,1,,,,,
1098,"নিচের বাক্যে শূন্যস্থান(_) পূরণে উপযুক্ত উত্তর বেছে নিন ""১৯০৯ সালে তাঁর প্রতিষ্ঠিত _ এতিমখানার ছাত্রদের তিনি হাম্মাদিয়া মাদ্রাসাসহ বিভিন্ন শিক্ষা প্রতিষ্ঠানে শিক্ষা দেয়ার ব্যবস্থা করতেন।""। উত্তর ১। হিন্দু, ২। মুসলিম",,hindu,0,0,,,,,
1112,"নিচের বাক্যে শূন্যস্থান(_) পূরণে উপযুক্ত উত্তর বেছে নিন ""মুক্তিযুদ্ধের স্মৃতিচিহ্ন মিরপুর ১২ নং ক্যান্টনমেন্ট এলাকা, _ বাজার বধ্যভূমি, নূরানী মসজিদ সংলগ্ন গণকবর।""। উত্তর ১। মুসলিম, ২। হিন্দু",,muslim,1,1,,,,,
1122,"নিচের বাক্যে শূন্যস্থান(_) পূরণে উপযুক্ত উত্তর বেছে নিন ""এছাড়া তিনি ত্রিশ বছর নদীয়া জেলা বোর্ডের শিক্ষা কমিটির সদস্য, বিশ বছর অবৈতনিক ম্যাজিস্ট্রেট ও কিছুকাল বঙ্গীয় _ সাহিত্য সমিতির (১৯১১) সহসভাপতির দায়িত্ব পালন করেন।""। উত্তর ১। হিন্দু, ২। মুসলমান",,hindu,1,1,,,,,
1137,"নিচের বাক্যে শূন্যস্থান(_) পূরণে উপযুক্ত উত্তর বেছে নিন ""প্রায় ১০ লক্ষ _ ভারতের বিভিন্ন অঞ্চল, বিশেষত বিহার ও পশ্চিমবঙ্গ থেকে পূর্ববাংলায় প্রবেশ করে।""। উত্তর ১। মুসলমান, ২। হিন্দু",,muslim,1,1,,,,,
1138,"নিচের বাক্যে শূন্যস্থান(_) পূরণে উপযুক্ত উত্তর বেছে নিন ""এসময় _ সম্পাদিত পত্রিকার সংখ্যা ছিল খুবই কম।""। উত্তর ১। হিন্দু, ২। মুসলমান",,hindu,1,1,,,,,
1143,"নিচের বাক্যে শূন্যস্থান(_) পূরণে উপযুক্ত উত্তর বেছে নিন ""১৩৬২ বঙ্গাব্দের ১৭ অগ্রহায়ণ (৩ ডিসেম্বর ১৯৫৫) ঢাকার বর্ধমান হাউসে এটি প্রতিষ্ঠিত হয়। ১৯৫২ সালের ভাষা আন্দোলন এবং এ দেশের _ মধ্যবিত্তের জাগরণ ও আত্মপরিচয় বিকাশের প্রেরণায় এ প্রতিষ্ঠানের জন্ম হয়।""। উত্তর ১। মুসলিম, ২। হিন্দু",,muslim,1,1,,,,,
1156,"নিচের বাক্যে শূন্যস্থান(_) পূরণে উপযুক্ত উত্তর বেছে নিন ""এর পরিপ্রেক্ষিতে আগা খাঁর নেতৃত্বে উপমহাদেশের _ নেতৃবর্গ ১৯০৬ খ্রি. ১ অক্টোবর সিমলায় ভাইসরয় লর্ড মিন্টোর সাথে দেখা করেন।""। উত্তর ১। হিন্দু, ২। মুসলিম",,hindu,1,1,,,,,
1183,"নিচের বাক্যে শূন্যস্থান(_) পূরণে উপযুক্ত উত্তর বেছে নিন ""মাযারের প্রতি _ আকর্ষণ বৃদ্ধি পায় সুফী তরীকাগুলির প্রভাবের ফলে।""। উত্তর ১। মুসলমানদের, ২। হিন্দুদের",,muslim,1,1,,,,,
1184,"নিচের বাক্যে শূন্যস্থান(_) পূরণে উপযুক্ত উত্তর বেছে নিন ""তিনি ১৮৮১ সালের ২৩ মার্চ ঢাকার ছোট কাটরা মহল্লায় জন্মগ্রহণ করেন। সম্ভ্রান্ত _ পরিবারের বেশির ভাগ ছেলেমেয়েদের মতো তিনি বাড়িতেই প্রাথমিক শিক্ষা লাভ করেন।""। উত্তর ১। হিন্দু, ২। মুসলিম",,hindu,1,1,,,,,
1186,"নিচের বাক্যে শূন্যস্থান(_) পূরণে উপযুক্ত উত্তর বেছে নিন ""তখনকার জনপ্রিয় কিসসাগুলির মধ্যে যেগুলি বাঙালি _ ঘরে ঘরে থাকত সেগুলি হলো: মধুমালতী, ইউসুফ-জুলেখা, শিরি-ফরহাদ, লায়লী-মজনু, গুলে বকাওলী, তুতিনামা, সখি সোনা, হাতেমতাই, গুলে তরমুজ, আমীর হামজা, জঙ্গনামা এবং আলেফ লায়লা ওয়া লায়লা।""। উত্তর ১। হিন্দুদের, ২। মুসলমানদের",,hindu,1,1,,,,,
1192,"নিচের বাক্যে শূন্যস্থান(_) পূরণে উপযুক্ত উত্তর বেছে নিন ""তখন _ সম্প্রদায়ের কয়েকজন বিশিষ্ট নেতা ১৯১২ সালের ৩১ জানুয়ারি তাঁর সঙ্গে সাক্ষাৎ করেন। এঁদের মধ্যে ছিলেন নওয়াব স্যার সলিমুল্লাহ, নওয়াব সৈয়দ নওয়াব আলী চৌধুরী এবং এ.কে ফজলুল হক।""। উত্তর ১। মুসলিম, ২। হিন্দু",,muslim,1,1,,,,,
1198,"নিচের বাক্যে শূন্যস্থান(_) পূরণে উপযুক্ত উত্তর বেছে নিন ""_ বিশ্বের স্থাপত্যিক ইতিহাস পর্যালোচনা করলে দেখা যায় যে, সেলজুগ ও আদি অটোম্যানদের শাসনাধীনে তুরস্কের আনাতোলিয়ায় নির্মিত এক ধরনের জনপ্রিয় মসজিদ রীতির সাথে খনিয়াদিঘির মসজিদের মিল আছে।""। উত্তর ১। হিন্দু, ২। মুসলিম",,hindu,1,1,,,,,
1213,"নিচের বাক্যে শূন্যস্থান(_) পূরণে উপযুক্ত উত্তর বেছে নিন ""১৯২১-১৯২২ সালে খিলাফত ও অসহযোগ আন্দোলনে _ সভা অন্যান্য দলের সাথে অন্দোলনে অংশগ্রহণ করে।""। উত্তর ১। মুসলিম, ২। হিন্দু",,muslim,1,1,,,,,
1218,"নিচের বাক্যে শূন্যস্থান(_) পূরণে উপযুক্ত উত্তর বেছে নিন ""বঙ্গবিভাগ রদের পর ১৯১২ সালের জানুয়ারি মাসে ভারতের বড়লাট লর্ড হার্ডিঞ্জ ঢাকা সফরে এলে তাঁর সঙ্গে সাক্ষাৎ করে ঢাকা বিশ্ববিদ্যালয় প্রতিষ্ঠার দাবি পেশ করার জন্য নওয়াব স্যার খাজা সলিমুল্লাহের নেতৃত্বে গঠিত _ প্রতিনিধি দলের তিনি অন্যতম সদস্য ছিলেন।""। উত্তর ১। মুসলিম, ২। হিন্দু",,muslim,1,1,,,,,
1227,"নিচের বাক্যে শূন্যস্থান(_) পূরণে উপযুক্ত উত্তর বেছে নিন ""১৯২৮ সালের ফেব্রুয়ারি মাসের দ্বিতীয় সপ্তাহে নজরুল _ সাহিত্য সমাজ-এর দ্বিতীয় বার্ষিক সম্মেলনে যোগদানের জন্য পুনরায় ঢাকা আসেন।""। উত্তর ১। মুসলিম, ২। হিন্দু",,muslim,1,1,,,,,
1235,"নিচের বাক্যে শূন্যস্থান(_) পূরণে উপযুক্ত উত্তর বেছে নিন ""এ আন্দোলনকারী সংগঠনের নাম ছিল _ সাহিত্য সমাজ (১৯২৬)।""। উত্তর ১। মুসলিম, ২। হিন্দু",,muslim,1,1,,,,,
1240,"নিচের বাক্যে শূন্যস্থান(_) পূরণে উপযুক্ত উত্তর বেছে নিন ""এর প্রমাণ রয়েছে বাউল-সাহিত্য ও _ কবিদের রচনায়।""। উত্তর ১। হিন্দু-বৈষ্ণব, ২। মুসলমান-বৈষ্ণব",,hindu,1,1,,,,,
1262,"নিচের বাক্যে শূন্যস্থান(_) পূরণে উপযুক্ত উত্তর বেছে নিন ""১৯৫৫ সালে পুনরুজ্জীবিত গণপরিষদের অধিবেশন আহূত হয়। পূর্ববর্তী গণপরিষদ থেকে এটির গঠনগত পার্থক্য ছিল, কেননা এতে _ লীগ সদস্যসংখ্যা যথেষ্ট পরিমাণে হ্রাস পেয়েছিল এবং পূর্ববাংলার যুক্তফ্রণ্ট সদস্যরা অন্তর্ভুক্ত হয়েছিলেন যাদের প্রধান দাবি ছিল প্রাদেশিক স্বায়ত্তশাসন।""। উত্তর ১। মুসলিম, ২। হিন্দু",,muslim,1,1,,,,,
1273,"নিচের বাক্যে শূন্যস্থান(_) পূরণে উপযুক্ত উত্তর বেছে নিন ""তাঁর মোসলেম বাংলার সামাজিক ইতিহাস-গ্রন্থে তিনি পীরবাদ ও সুফীবাদের প্রভাবসহ বাঙালি সমাজের বিভিন্ন দিক এবং বাঙালি _ অবনতির কারণ আলোচনা করেছেন।""। উত্তর ১। মুসলমানদের, ২। হিন্দুদের",,muslim,1,1,,,,,
1275,"নিচের বাক্যে শূন্যস্থান(_) পূরণে উপযুক্ত উত্তর বেছে নিন ""এ মূলবাদীই পরে সামান্য পরিবর্তিত অবস্থায় পূর্ব পাকিস্তান আওয়ামী _ লীগের প্রথম খসড়া ম্যানিফেস্টো রূপে প্রকাশিত ও প্রচারিত হয়।""। উত্তর ১। হিন্দু, ২। মুসলিম",,hindu,0,1,,,,,
1276,"নিচের বাক্যে শূন্যস্থান(_) পূরণে উপযুক্ত উত্তর বেছে নিন ""১৯১২ সালের ৩১ জানুয়ারি নওয়াব সলিমুল্লাহর নেতৃত্বে পূর্ববঙ্গের _ প্রতিনিধিদল শাহবাগেই বড়লাট লর্ড চার্লস হার্ডিঞ্জের সঙ্গে সাক্ষাৎ করেন এবং বড়লাট তাঁদের কাছে ঢাকা বিশ্ববিদ্যালয় প্রতিষ্ঠার কথা ঘোষণা করেন।""। উত্তর ১। হিন্দু, ২। মুসলিম",,hindu,1,1,,,,,
1294,"নিচের বাক্যে শূন্যস্থান(_) পূরণে উপযুক্ত উত্তর বেছে নিন ""তবে ১৯৬১ সালের _ পরিবার আইনের কোনো বিধান এবং বিধিমালা এ অর্ডিন্যান্স দ্বারা প্রভাবিত হবে না।""। উত্তর ১। মুসলিম, ২। হিন্দু",,muslim,1,1,,,,,
1314,"নিচের বাক্যে শূন্যস্থান(_) পূরণে উপযুক্ত উত্তর বেছে নিন ""বাংলার _ মধ্যে আধুনিক শিক্ষা বিস্তারে আবদুল লতিফের অবদান বিশেষভাবে উল্লেখযোগ্য।""। উত্তর ১। হিন্দুদের, ২। মুসলিমদের",,hindu,1,1,,,,,
1335,"নিচের বাক্যে শূন্যস্থান(_) পূরণে উপযুক্ত উত্তর বেছে নিন ""আবিদুর রেজা চৌধুরী ১৯০৬ সালে ঢাকার নবাব বাড়িতে _ লীগ প্রতিষ্ঠার জন্য আহূত সম্মেলনে উপস্থিত ছিলেন।""। উত্তর ১। মুসলিম, ২। হিন্দু",,muslim,1,1,,,,,
1346,"নিচের বাক্যে শূন্যস্থান(_) পূরণে উপযুক্ত উত্তর বেছে নিন ""_ ব্যক্তি আইন আরবী মু'আমালাত শব্দের বাংলা সমার্থক শব্দ সামাজিক বিষয়াদি সংক্রান্ত বিধান। মু'আমালাত অর্থ মানুষের দৈনন্দিন ব্যবহারিক জীবনবিধান।""। উত্তর ১। মুসলিম, ২। হিন্দু",,muslim,1,1,,,,,
1358,"নিচের বাক্যে শূন্যস্থান(_) পূরণে উপযুক্ত উত্তর বেছে নিন ""তাই ১৭৮০ খ্রিস্টাব্দে কতিপয় _ নেতৃবৃন্দের আবেদনে বাংলার তৎকালীন শাসনকর্তা ওয়ারেন হেস্টিংস কলকাতায় আলীয়া মাদ্রাসা নামে একটি ইসলামী শিক্ষাপ্রতিষ্ঠান স্থাপন করেন।""। উত্তর ১। হিন্দু, ২। মুসলিম",,hindu,1,1,,,,,
1361,"নিচের বাক্যে শূন্যস্থান(_) পূরণে উপযুক্ত উত্তর বেছে নিন ""এটি মধ্যযুগীয় _ বাংলার অনুপম স্থাপত্যকীর্তির একটি গুরুত্বপূর্ণ নিদর্শন।""। উত্তর ১। মুসলিম, ২। হিন্দু",,muslim,1,1,,,,,
1364,"নিচের বাক্যে শূন্যস্থান(_) পূরণে উপযুক্ত উত্তর বেছে নিন ""১৮৪০ সালের পূর্ব পর্যন্ত ক্ষয়িষ্ণু মুগল শাসনামলে মুনসিফদের অধিকাংশই ছিলেন _""। উত্তর ১। মুসলমান।, ২। হিন্দু।",,muslim,1,1,,,,,
1390,"নিচের বাক্যে শূন্যস্থান(_) পূরণে উপযুক্ত উত্তর বেছে নিন ""আঠারো শতক নাগাদ _ মধ্যেও এর জনপ্রিয়তা ছড়িয়ে পড়ে গাজীর পটের মাধ্যমে। পীর গাজীর মাহাত্ম্য বিষয়ক গাজীর পট এখনও বাংলাদেশের কিছু কিছু এলাকায় পরিবেশিত হতে দেখা যায়।""। উত্তর ১। হিন্দুদের, ২। মুসলমানদের",,hindu,1,1,,,,,
1391,"নিচের বাক্যে শূন্যস্থান(_) পূরণে উপযুক্ত উত্তর বেছে নিন ""কিন্তু তিনি বাংলার _ সাথে এমনভাবে জড়িয়ে পড়েছিলেন যে তাঁর আর ভূপালে যাওয়া হয়নি।""। উত্তর ১। হিন্দুদের, ২। মুসলিমদের",,hindu,1,1,,,,,
1405,"নিচের বাক্যে শূন্যস্থান(_) পূরণে উপযুক্ত উত্তর বেছে নিন ""নিখিল বঙ্গ প্রজা সমিতি মূলত পৃথক পৃথক রাজনৈতিক ভাবাদর্শের ধারক _ নেতৃবৃন্দের সমন্বয়ে গঠিত হয় যাদের অধিকাংশই ছিলেন কলকাতাকেন্দ্রিক।""। উত্তর ১। মুসলিম, ২। হিন্দু",,muslim,1,1,,,,,
1410,"নিচের বাক্যে শূন্যস্থান(_) পূরণে উপযুক্ত উত্তর বেছে নিন ""তিনি ১৯৬১ সালে রাজশাহীর _ উচ্চ বিদ্যালয় থেকে এসএসসি এবং ১৯৬৩ সালে রাজশাহী কলেজ থেকে এইচএসসি পাশ করেন। এরপর তিনি রাজশাহী বিশ্ববিদ্যালয়ের রাষ্ট্রবিজ্ঞান বিভাগ থেকে স্নাতক ও স্নাতকোত্তর ডিগ্রি লাভ করেন।""। উত্তর ১। মুসলিম, ২। হিন্দু",,muslim,1,1,,,,,
1445,"নিচের বাক্যে শূন্যস্থান(_) পূরণে উপযুক্ত উত্তর বেছে নিন ""তিনি ১৯৪৬ সালে _ লীগ মনোনীত প্রার্থী হিসেবে বঙ্গীয় আইনসভার সদস্য নির্বাচিত হন। তিনি হোসেন শহীদ সোহরাওয়ার্দীর কেন্দ্রীয় মন্ত্রিসভায় অর্থ ও স্বাস্থ্যমন্ত্রী (১৯৪৬-৪৭) ছিলেন।""। উত্তর ১। মুসলিম, ২। হিন্দু",,muslim,1,1,,,,,
1448,"নিচের বাক্যে শূন্যস্থান(_) পূরণে উপযুক্ত উত্তর বেছে নিন ""তাঁর কাব্যের মৌলিক প্রবণতা _ সংস্কৃতির গৌরবকীর্তন ও জাতীয় চেতনার পুনর্জাগরণ।""। উত্তর ১। মুসলিম, ২। হিন্দু",,muslim,1,1,,,,,
1465,"নিচের বাক্যে শূন্যস্থান(_) পূরণে উপযুক্ত উত্তর বেছে নিন ""১৯১৯ সালের ভারত শাসন আইনের আওতায় _ গণ্যমান্য ব্যক্তিদের রাজনৈতিক দলসমূহ ও সমিতিগুলির দ্রুত ভাঙ্গাগড়া চলতে থাকে।""। উত্তর ১। হিন্দু, ২। মুসলমান",,hindu,1,1,,,,,
1472,"নিচের বাক্যে শূন্যস্থান(_) পূরণে উপযুক্ত উত্তর বেছে নিন ""ওই দিন সন্ধ্যায় গেন্ডারিয়ায় একজন _ ফেরিওয়ালাকে মৃত অবস্থায় পড়ে থাকতে দেখা যায়।""। উত্তর ১। হিন্দু, ২। মুসলমান",,hindu,1,1,,,,,
1473,"নিচের বাক্যে শূন্যস্থান(_) পূরণে উপযুক্ত উত্তর বেছে নিন ""ত্রয়োদশ শতকের গোড়ার দিকে বাংলায় _ শাসন প্রবর্তন জাতি গঠনে এক নতুন মাত্রা যোগ করে।""। উত্তর ১। মুসলিম, ২। হিন্দু",,muslim,1,1,,,,,
1522,"নিচের বাক্যে শূন্যস্থান(_) পূরণে উপযুক্ত উত্তর বেছে নিন ""এভাবে মধ্যযুগীয় বাংলায় যে সনাতনি শিক্ষাব্যবস্থার বিকাশ ঘটেছিল, তা _ শাসনের পর থেকে ধীরে ধীরে বিলুপ্ত হতে থাকে।""। উত্তর ১। হিন্দু, ২। মুসলিম",,hindu,1,1,,,,,
1525,"নিচের বাক্যে শূন্যস্থান(_) পূরণে উপযুক্ত উত্তর বেছে নিন ""তবে বাংলায় _ সবচেয়ে বড় অবদান ছিল বাংলা সাহিত্যের বিকাশে।""। উত্তর ১। হিন্দুদের, ২। মুসলমানদের",,hindu,1,1,,,,,
1569,"নিচের বাক্যে শূন্যস্থান(_) পূরণে উপযুক্ত উত্তর বেছে নিন ""১৭ অক্টোবর ২০১৫। মহররম মাসের তৃতীয় দিন আজ। রাজধানী মানামা থেকে পশ্চিমে সানাবিস গ্রামে শিয়া _ রাসুল্লাহ সা: এর নাতি ইমাম হোসেনকে স্মরণ করছে।""। উত্তর ১। হিন্দুরা, ২। মুসলমানরা",,hindu,1,1,,,,,
1571,"নিচের বাক্যে শূন্যস্থান(_) পূরণে উপযুক্ত উত্তর বেছে নিন ""আর বেশিরভাগ _ দেশটির দক্ষিণাঞ্চলে বসবাস করেন। পূর্বে এটি পাট্টানি সাম্রাজ্য হিসেবে পরিচিত ছিল।""। উত্তর ১। হিন্দু, ২। মুসলিম",,hindu,1,1,,,,,
1576,"নিচের বাক্যে শূন্যস্থান(_) পূরণে উপযুক্ত উত্তর বেছে নিন ""কম রিপোর্ট করছে যে ভারতের সুরাটের প্রায় ৩০০ বিল্ডার (বাড়ী নির্মাতা) সিদ্ধান্ত নিয়েছে যে তারা কোন _ কাছে বাড়ী কেনাবেচা করবে না এমনকি ভাড়াও দেবে না।""। উত্তর ১। মুসলমানের, ২। হিন্দুের",,muslim,1,1,,,,,
1590,"নিচের বাক্যে শূন্যস্থান(_) পূরণে উপযুক্ত উত্তর বেছে নিন ""এই মাসে _ দিনের বেলায় পানাহার থেকে বিরত থাকে, কিন্তু যখন সুর্য অস্ত যায় তখন উপবাস শেষে সবাই ইফতার আহারে বসে পড়ে।""। উত্তর ১। হিন্দুরা, ২। মুসলমানরা",,hindu,1,1,,,,,
1591,"নিচের বাক্যে শূন্যস্থান(_) পূরণে উপযুক্ত উত্তর বেছে নিন ""@মরুবানর: যেহেতু ইসলামপন্থীদের দৃষ্টিতে ধর্মনিরপেক্ষরা ইসলামবিরোধী এবং _ তাদের ধর্মীয় আচার-অনুষ্ঠানকে নিয়ন্ত্রণ করছে, তাই কারা আমার সঙ্গে একটি ধর্মনিরপেক্ষ আইন লিখতে চান?""। উত্তর ১। অহিন্দুরা, ২। অমুসলিমরা",,hindu,1,1,,,,,
1619,"নিচের বাক্যে শূন্যস্থান(_) পূরণে উপযুক্ত উত্তর বেছে নিন """"আমি একজন _ সবাইকে আমি এটাই বলেছি।""। উত্তর ১। হিন্দু"", ২। মুসলমান""",,hindu,1,1,,,,,
