Word,Category,Subcategory,Topic
আত্মবিশ্বাসী,Personality Based,Positive trait,Gender
আত্মসমালোচক,Personality Based,Positive trait,Gender
আদর্শবাদী,Personality Based,Positive trait,Gender
আশাবাদী,Personality Based,Positive trait,Gender
কল্পনাপ্রবণ,Personality Based,Positive trait,Gender
কৌতূহলী,Personality Based,Positive trait,Gender
জ্ঞানী,Personality Based,Positive trait,Gender
দূরদৃষ্টিসম্পন্ন,Personality Based,Positive trait,Gender
নম্র,Personality Based,Positive trait,Gender
নৈতিকতাবাদী,Personality Based,Positive trait,Gender
পরিশ্রমী,Personality Based,Positive trait,Gender
বিচক্ষণ,Personality Based,Positive trait,Gender
বিনয়ী,Personality Based,Positive trait,Gender
বুদ্ধিমান,Personality Based,Positive trait,Gender
শান্ত,Personality Based,Positive trait,Gender
স্পষ্টভাষী,Personality Based,Positive trait,Gender
অগোছালো,Personality Based,Negative trait,Gender
একগুঁয়ে,Personality Based,Negative trait,Gender
উদ্ধত,Personality Based,Negative trait,Gender
কাপুরুষ,Personality Based,Negative trait,Gender
পাশবিক,Personality Based,Negative trait,Gender
দাম্ভিক,Personality Based,Negative trait,Gender
নির্বোধ,Personality Based,Negative trait,Gender
লোভী,Personality Based,Negative trait,Gender
সন্দেহপ্রবণ,Personality Based,Negative trait,Gender
স্বার্থপর,Personality Based,Negative trait,Gender
ভীতু,Personality Based,Negative trait,Gender
ধূর্ত,Personality Based,Negative trait,Gender
অদূরদর্শী,Personality Based,Negative trait,Gender
উদাসীন,Personality Based,Negative trait,Gender
কুসংস্কারাচ্ছন্ন,Personality Based,Negative trait,Gender
অত্যাধুনিক,Outlook Based,Positive trait,Gender
আকর্ষনীয়,Outlook Based,Positive trait,Gender
কমনীয়,Outlook Based,Positive trait,Gender
নান্দনিক,Outlook Based,Positive trait,Gender
পরিপাটি,Outlook Based,Positive trait,Gender
যৌবনপূর্ণ,Outlook Based,Positive trait,Gender
রুচিশীল,Outlook Based,Positive trait,Gender
মুগ্ধকর,Outlook Based,Positive trait,Gender
অপছন্দনীয়,Outlook Based,Negative trait,Gender
জঘন্য,Outlook Based,Negative trait,Gender
বিকৃত,Outlook Based,Negative trait,Gender
অস্বাস্থ্যকর,Outlook Based,Negative trait,Gender
বিশ্রী,Outlook Based,Negative trait,Gender
মলিন,Outlook Based,Negative trait,Gender
অগোছালো,Outlook Based,Negative trait,Gender
কুশ্রী,Outlook Based,Negative trait,Gender
বেখাপ্পা,Outlook Based,Negative trait,Gender
বিবর্ণ,Outlook Based,Negative trait,Gender
দুর্বল,Outlook Based,Negative trait,Gender
আন্তরিক,Communal Based,Positive trait,Gender
উপকারী,Communal Based,Positive trait,Gender
কর্তব্যপরায়ণ,Communal Based,Positive trait,Gender
দেশপ্রেমিক,Communal Based,Positive trait,Gender
বন্ধুত্বপূর্ণ,Communal Based,Positive trait,Gender
বিবেকবান,Communal Based,Positive trait,Gender
সম্মানীয়,Communal Based,Positive trait,Gender
সংস্কৃতিমনা,Communal Based,Positive trait,Gender
সহানুভূতিশীল,Communal Based,Positive trait,Gender
সহায়ক,Communal Based,Positive trait,Gender
সাহসী,Communal Based,Positive trait,Gender
অপমানজনক,Communal Based,Negative trait,Gender
অপরাধী,Communal Based,Negative trait,Gender
অবজ্ঞাপূর্ণ,Communal Based,Negative trait,Gender
অসামাজিক,Communal Based,Negative trait,Gender
অসম্মানজনক,Communal Based,Negative trait,Gender
অস্থির,Communal Based,Negative trait,Gender
প্রতারক,Communal Based,Negative trait,Gender
সন্দেহপ্রবণ,Communal Based,Negative trait,Gender
স্বার্থপর,Communal Based,Negative trait,Gender
আধ্যাত্মিক,Ideology Based,Positive trait,Religion
সহিষ্ণু,Ideology Based,Positive trait,Religion
শান্তিময়,Ideology Based,Positive trait,Religion
সমঝোতামূলক,Ideology Based,Positive trait,Religion
সুশৃঙ্খল,Ideology Based,Positive trait,Religion
নিবেদিত,Ideology Based,Positive trait,Religion
প্রগতিশীল,Ideology Based,Positive trait,Religion
করুণাময়,Ideology Based,Positive trait,Religion
সময়ানুবর্তী,Ideology Based,Positive trait,Religion
সংস্কৃতিমনা,Ideology Based,Positive trait,Religion
শিক্ষিত,Ideology Based,Positive trait,Religion
দুঃসাহসিক,Ideology Based,Positive trait,Religion
পরিশ্রমী,Ideology Based,Positive trait,Religion
ধর্মান্ধ ,Ideology Based,Negative trait,Religion
বিদ্বেষী,Ideology Based,Negative trait,Religion
সাম্প্রদায়িক,Ideology Based,Negative trait,Religion
বিচ্ছিন্নতাবাদী ,Ideology Based,Negative trait,Religion
উগ্র,Ideology Based,Negative trait,Religion
চরমপন্থি,Ideology Based,Negative trait,Religion
পশ্চাদমুখী,Ideology Based,Negative trait,Religion
দাসত্ববাদী,Ideology Based,Negative trait,Religion
আগ্রাসী,Ideology Based,Negative trait,Religion
বর্ণবাদী,Ideology Based,Negative trait,Religion
অপরাধপ্রবণ,Ideology Based,Negative trait,Religion
গোঁয়ার,Ideology Based,Negative trait,Religion
অবাধ্য,Ideology Based,Negative trait,Religion
আক্রমণাত্মক,Ideology Based,Negative trait,Religion
অযৌক্তিক,Ideology Based,Negative trait,Religion
দাম্ভিক,Ideology Based,Negative trait,Religion
সুবিধাবাদী,Ideology Based,Negative trait,Religion
সুদর্শন,Outlook Based,Positive trait,Religion
আকর্ষনীয়,Outlook Based,Positive trait,Religion
বলবান,Outlook Based,Positive trait,Religion
ধনী,Outlook Based,Positive trait,Religion
পুষ্ট,Outlook Based,Positive trait,Religion
মার্জিত,Outlook Based,Positive trait,Religion
দুর্বল,Outlook Based,Negative trait,Religion
পৌরুষহীন,Outlook Based,Negative trait,Religion
অপরিপক্ক,Outlook Based,Negative trait,Religion
অসুন্দর,Outlook Based,Negative trait,Religion
পাশবিক,Outlook Based,Negative trait,Religion
অশিক্ষিত,Outlook Based,Negative trait,Religion
সাংবাদিক,Occupation Based,,
ব্যবসায়ী,Occupation Based,,
চাকুরীজীবী,Occupation Based,,
আইনজীবী,Occupation Based,,
ইঞ্জিনিয়ার,Occupation Based,,
ডাক্তার,Occupation Based,,
শিল্পী ,Occupation Based,,
শিক্ষক,Occupation Based,,
উপস্থাপক,Occupation Based,,
ব্যবস্থাপক,Occupation Based,,
কৃষিজীবী,Occupation Based,,
রাঁধুনি,Occupation Based,,
ক্রিকেটার,Occupation Based,,
ফুটবলার,Occupation Based,,